Key,en,es,de,el,it,nl,no,pl,sl
NAV_HOME,Home,Inicio,Heim,Σπίτι,Casa,Thuis,Hjem,Dom,Domov
NAV_MENU,Menu,Men\xFA,Speisekarte,Μενού,Menu,Menu,Meny,Menu,Meni
NAV_MEAL_LOG,Meal log,Registrar comida,Mahlzeitenprotokoll,Αρχείο καταγραφής      γευμάτων,Registro dei pasti,Maaltijdlogboek,M\xE5ltidslogg,Dziennik posiłk\xF3w,Dnevnik obrokov
NAV_PROFILE,Profile,Perfil,Profil,Προφίλ,Profilo,Profiel,Profil,Profil,Profil
LOADING,Loading,Cargando,Laden,Φόρτωση,Caricamento,Laden,Laster,Załadunek,Nalaganje
LOADING_ASSETS,Loading Assets,Cargando Assets,Assets laden,Φόρτωση περιουσιακών      στοιχείων,Caricamento delle risorse,Activa laden,Laster inn ressurser,Ładowanie zasob\xF3w,Nalaganje sredstev
CHECK_AUTH,Checking Authentication,Comprobando Autenticaci\xF3n,\xDCberpr\xFCfung der Authentifizierung,Έλεγχος ελέγχου      ταυτότητας,Verifica dell'autenticazione,Authenticatie controleren,Kontrollerer autentisering,Sprawdzanie uwierzytelniania,Preverjanje pristnosti
LOGIN_TITLE,"Play, learn, and eat better: together we feed the change.","Juega, aprende y come mejor: juntos alimentamos el cambio.","Spielen, lernen und sich besser ern\xE4hren: Gemeinsam gestalten      wir den Wandel.","Παίξτε, μάθετε      και τρώτε καλύτερα:      μαζί τροφοδοτούμε      την αλλαγή.","Giocare, imparare e mangiare meglio: insieme alimentiamo il cambiamento.","Spelen, leren en gezonder eten: samen voeden we de verandering.","Lek, l\xE6r og spis bedre: sammen gir vi n\xE6ring til forandringen.","Baw się, ucz i jedz lepiej: razem napędzamy zmianę.","Igrajte se, učite se in jejte bolje: skupaj prispevamo k spremembi."
USERNAME,Username,Nombre de usuario,Benutzername,Όνομα χρήστη,Nome utente,Gebruikersnaam,Brukernavn,Nazwa użytkownika,Uporabniško ime
USERNAME_PLACEHOLDER,Your username,Tu nombre de usuario,Ihr Benutzername,Το όνομα χρήστη      σας,Il tuo nome utente,Je gebruikersnaam,Brukernavnet ditt,Twoja nazwa użytkownika,Vaše uporabniško ime
PASSWORD,Password,Contrase\xF1a,Passwort,Σύνθημα,Password,Wachtwoord,Passord,Hasło,Geslo
PASSWORD_PLACEHOLDER,Your password,Tu contrase\xF1a,Ihr Passwort,Ο κωδικός πρόσβασής      σας,La tua password,Uw wachtwoord,Passordet ditt,Twoje hasło,Vaše geslo
EMAIL,Email,Correo electr\xF3nico,E-Mail,E-mail,E-mail,E-mail,E-post,E-mail,E-pošta
EMAIL_PLACEHOLDER,Your email,Tu correo electr\xF3nico,Ihre E-Mail,Το ηλεκτρονικό      σας ταχυδρομείο,La tua email,Uw e-mailadres,Din e-post,Tw\xF3j adres e-mail,Vaš e-poštni naslov
BIRTH_YEAR,Birth year,A\xF1o de nacimiento,Geburtsjahr,Έτος γέννησης,Anno di nascita,Geboortejaar,F\xF8dsels\xE5r,Rok urodzenia,Leto rojstva
COUNTRY,Country,Pa\xEDs,Land,Χώρα,Paese,Land,Land,Kraj,Država
COUNTRY_PLACEHOLDER,Select your country,Elige tu pa\xEDs,W\xE4hlen Sie Ihr Land aus,Επιλέξτε τη χώρα      σας,Seleziona il tuo paese,Selecteer uw land,Velg landet ditt,Wybierz sw\xF3j kraj,Izberite svojo državo
REGION,Region,Regi\xF3n,Region,Περιοχή,Regione,Regio,Region,Region,Regija
REGION_PLACEHOLDER,Select your region,Elige tu regi\xF3n,W\xE4hlen Sie Ihre Region aus,Επιλέξτε την      περιοχή σας,Seleziona la tua regione,Selecteer uw regio,Velg din region,Wybierz sw\xF3j region,Izberite svojo regijo
PO_CODE,Postal code,C\xF3digo postal,Postleitzahl,Ταχυδρομικός      κώδικας,Codice Postale,Postcode,Postnummer,Kod pocztowy,Poštna številka
AGREE_TERMS,I agree to the <b>Terms of Service</b> and <b>Privacy Policy</b>.,Acepto los <b>Terminos de Servicio</b> y la <b>Pol\xEDtica de Privacidad</b>.,Ich stimme den <b>Nutzungsbedingungen</b> und der <b>Datenschutzrichtlinie</b>,Συμφωνώ με τους      <b>Όρους Παροχής      Υπηρεσιών</b> και      την <b>Πολιτική Απορρήτου</b>.,Accetto i <b>Termini di servizio</b> e l'<b>Informativa sulla privacy</b>.,Ik ga akkoord met de <b>Gebruiksvoorwaarden</b> en het <b>Privacybeleid</b>.,Jeg godtar <b>tjenestevilk\xE5rene</b> og <b>personvernerkl\xE6ringen</b>.,Wyrażam zgodę na <b>Warunki korzystania z usługi</b>      i <b>Politykę prywatności</b>.,Strinjam se s <b>Pogoji storitve</b> in <b>Pravilnikom o zasebnosti</b>.
T&C_TITLE,Terms and Conditions,Terminos y Condiciones,Gesch\xE4ftsbedingungen,Όροι και Προϋποθέσεις,Termini e Condizioni,Algemene voorwaarden,Vilk\xE5r og betingelser,Warunki korzystania z serwisu,Pogoji poslovanja
T&C_TEXT,'<b>FOODMISSION Terms and Conditions</b>,"T\xE9rminos y condiciones de FOODMISSION\n\nAl usar esta aplicaci\xF3n,      aceptas los siguientes t\xE9rminos:\n\n1. REGISTRO DE CUENTA\nDebes proporcionar      informaci\xF3n precisa y completa al registrarte. Eres responsable de mantener      la confidencialidad de tus credenciales.\n\n2. PRIVACIDAD\nRecopilamos y procesamos      tus datos personales de acuerdo con nuestra Pol\xEDtica de privacidad. Esto      incluye datos nutricionales, informaci\xF3n de ubicaci\xF3n y estad\xEDsticas      de uso.\n\nPara m\xE1s informaci\xF3n, cont\xE1ctanos en support@foodmission.eu\n\nAl      usar esta aplicaci\xF3n, aceptas los siguientes t\xE9rminos:\n\nPara m\xE1s      informaci\xF3n, cont\xE1ctanos en support@foodmission.eu","<b>Nutzungsbedingungen von FOODMISSION</b>\n\nDurch die Nutzung      dieser Anwendung stimmen Sie den folgenden Bedingungen zu:\n\n<b>1. KONTOREGISTRIERUNG</b>\nBei      der Registrierung m\xFCssen Sie korrekte und vollst\xE4ndige Angaben machen.      Sie sind f\xFCr die Geheimhaltung Ihrer Zugangsdaten verantwortlich.\n\n<b>2.      DATENSCHUTZ</b>\nWir erheben und verarbeiten Ihre personenbezogenen Daten gem\xE4\xDF      unserer Datenschutzrichtlinie. Dies umfasst N\xE4hrwertangaben, Standortinformationen      und Nutzungsstatistiken.\n\nF\xFCr weitere Informationen kontaktieren Sie uns      bitte unter support@foodmission.eu.\n\nDurch die Nutzung dieser Anwendung stimmen      Sie den folgenden Bedingungen zu:\n\nF\xFCr weitere Informationen kontaktieren      Sie uns bitte unter support@foodmission.eu.","<b>Όροι και Προϋποθέσεις      FOODMISSION</b>\n\nΧρησιμοποιώντας      αυτήν την εφαρμογή,      συμφωνείτε με τους      ακόλουθους όρους:\n\n<b>1.      ΕΓΓΡΑΦΗ ΛΟΓΑΡΙΑΣΜΟΥ</b>\nΠρέπει      να παρέχετε ακριβείς      και πλήρεις πληροφορίες      κατά την εγγραφή.      Είστε υπεύθυνοι      για τη διατήρηση      της εμπιστευτικότητας      των διαπιστευτηρίων      του λογαριασμού      σας.\n\n<b>2. ΑΠΟΡΡΗΤΟ</b>\nΣυλλέγουμε      και επεξεργαζόμαστε      τα προσωπικά σας      δεδομένα σύμφωνα      με την Πολιτική      Απορρήτου μας.      Αυτό περιλαμβάνει      διατροφικά δεδομένα,      πληροφορίες τοποθεσίας      και στατιστικά      στοιχεία χρήσης.\n\nΓια      περισσότερες πληροφορίες,      επικοινωνήστε      μαζί μας στη διεύθυνση      support@foodmission.eu<b>Όροι και Προϋποθέσεις      FOODMISSION</b>\n\nΧρησιμοποιώντας      αυτήν την εφαρμογή,      συμφωνείτε με τους      ακόλουθους όρους:\n\nΓια      περισσότερες πληροφορίες,      επικοινωνήστε      μαζί μας στη διεύθυνση      support@foodmission.eu","<b>Termini e condizioni di FOODMISSION</b>\n\nUtilizzando questa      applicazione, accetti i seguenti termini:\n\n<b>1. REGISTRAZIONE DELL'ACCOUNT</b>\n\xC8      necessario fornire informazioni accurate e complete al momento della registrazione.      Sei responsabile della riservatezza delle tue credenziali di accesso.\n\n<b>2.      PRIVACY</b>\nRaccogliamo ed elaboriamo i tuoi dati personali in conformit\xE0      con la nostra Informativa sulla privacy. Ci\xF2 include dati nutrizionali,      informazioni sulla posizione e statistiche di utilizzo.\n\nPer ulteriori informazioni,      contattaci all'indirizzo support@foodmission.eu<b>Termini e condizioni di FOODMISSION</b>\n\nUtilizzando      questa applicazione, accetti i seguenti termini:\n\nPer ulteriori informazioni,      contattaci all'indirizzo support@foodmission.eu",'<b>Algemene voorwaarden van FOODMISSION</b>,"<b>FOODMISSIONs vilk\xE5r og betingelser</b>\n\nVed \xE5 bruke      denne applikasjonen godtar du f\xF8lgende vilk\xE5r:\n\n<b>1. KONTOREGISTRERING</b>\nDu      m\xE5 oppgi n\xF8yaktig og fullstendig informasjon n\xE5r du registrerer deg.      Du er ansvarlig for \xE5 opprettholde konfidensialiteten til kontoinformasjonen      din.\n\n<b>2. PERSONVERN</b>\nVi samler inn og behandler dine personopplysninger      i henhold til v\xE5r personvernerkl\xE6ring. Dette inkluderer ern\xE6ringsdata,      stedsinformasjon og bruksstatistikk.\n\nFor mer informasjon, kontakt oss p\xE5      support@foodmission.eu<b>FOODMISSIONs vilk\xE5r og betingelser</b>\n\nVed \xE5      bruke denne applikasjonen godtar du f\xF8lgende vilk\xE5r:\n\nFor mer informasjon,      kontakt oss p\xE5 support@foodmission.eu","<b>Regulamin FOODMISSION</b>\n\nKorzystając z tej aplikacji,      akceptujesz następujące warunki:\n\n<b>1. REJESTRACJA KONTA</b>\nPodczas      rejestracji musisz podać dokładne i kompletne informacje. Ponosisz      odpowiedzialność za zachowanie poufności danych logowania do      swojego konta.\n\n<b>2. PRYWATNOŚĆ</b>\nGromadzimy i przetwarzamy      Twoje dane osobowe zgodnie z naszą Polityką Prywatności. Obejmuje      to dane dotyczące wartości odżywczych, informacje o lokalizacji      i statystyki użytkowania.\n\nAby uzyskać więcej informacji,      skontaktuj się z nami pod adresem support@foodmission.eu<b>Regulamin FOODMISSION</b>\n\nKorzystając      z tej aplikacji, akceptujesz następujące warunki:\n\nAby uzyskać      więcej informacji, skontaktuj się z nami pod adresem support@foodmission.eu","<b>Pogoji uporabe FOODMISSION</b>\n\nZ uporabo te aplikacije se      strinjate z naslednjimi pogoji:\n\n<b>1. REGISTRACIJA RAČUNA</b>\nPri      registraciji morate navesti točne in popolne podatke. Odgovorni ste za      ohranjanje zaupnosti podatkov za vaš račun.\n\n<b>2. ZASEBNOST</b>\nVaše      osebne podatke zbiramo in obdelujemo v skladu z našo politiko zasebnosti.      To vključuje podatke o hranilni vrednosti, podatke o lokaciji in statistiko      uporabe.\n\nZa več informacij nas kontaktirajte na support@foodmission.eu<b>Pogoji      uporabe FOODMISSION</b>\n\nZ uporabo te aplikacije se strinjate z naslednjimi      pogoji:\n\nZa več informacij nas kontaktirajte na support@foodmission.eu"
TXT_ACCEPT,Accept,Aceptar,Akzeptieren,Αποδέχομαι,Accettare,Accepteren,Akseptere,Przyjąć,Sprejmi
TXT_CANCEL,Cancel,Cancelar,Stornieren,Ματαίωση,Cancellare,Annuleren,Kansellere,Anulować,Prekliči
TXT_OK,Ok,Ok,OK,Εντάξει,OK,OK,OK,OK,V redu
ALERT_ERROR_TITLE,Error,Error,Fehler,Σφάλμα,Errore,Fout,Feil,Błąd,Napaka
ERROR_FIELDS_VALIDATION,Fields validation failed,Ha fallado la validaci\xF3n de los campos.,Feldvalidierung fehlgeschlagen,Η επικύρωση πεδίων      απέτυχε,La convalida dei campi non \xE8 riuscita.,Veldvalidatie mislukt,Validering av felt mislyktes,Walidacja p\xF3l nie powiodła się,Preverjanje polj ni uspelo
ERROR_NO_EMPTY,This field cannot be empty.,Este campo no puede estar vacio.,Dieses Feld darf nicht leer sein.,Αυτό το πεδίο      δεν μπορεί να είναι      κενό.,Questo campo non pu\xF2 essere vuoto.,Dit veld mag niet leeg zijn.,Dette feltet kan ikke v\xE6re tomt.,To pole nie może być puste.,To polje ne sme biti prazno.
ERROR_EMAIL_INVALID,Please enter a valid email address.,Por favor introduce una direcci\xF3n de correo electr\xF3nico v\xE1lida.,Bitte geben Sie eine g\xFCltige E-Mail-Adresse ein.,Παρακαλώ εισάγετε      μια έγκυρη διεύθυνση      ηλεκτρονικού ταχυδρομείου.,Si prega di inserire un indirizzo email valido.,Voer een geldig e-mailadres in.,Vennligst skriv inn en gyldig e-postadresse.,Proszę podać prawidłowy adres e-mail.,Vnesite veljaven e-poštni naslov.
ERROR_PASS_SHORT,Password must be at least 6 characters long.,La contrase\xF1a debe de tener al menos 6 caracteres.,Das Passwort muss mindestens 6 Zeichen lang sein.,Ο κωδικός πρόσβασης      πρέπει να έχει      μήκος τουλάχιστον      6 χαρακτήρες.,La password deve essere lunga almeno 6 caratteri.,Het wachtwoord moet minimaal 6 tekens lang zijn.,Passordet m\xE5 v\xE6re minst 6 tegn langt.,Hasło musi mieć co najmniej 6 znak\xF3w.,Geslo mora biti dolgo vsaj 6 znakov.
ERROR_BIRTH_1,Invalid birth year.,A\xF1o de nacimiento no v\xE1lido.,Ung\xFCltiges Geburtsjahr.,Μη έγκυρο έτος      γέννησης.,Anno di nascita non valido.,Ongeldig geboortejaar.,Ugyldig f\xF8dsels\xE5r.,Nieprawidłowy rok urodzenia.,Neveljavno leto rojstva.
ERROR_BIRTH_2,You must be over 18 to use the platform.,Tienes que ser mayor de 18 a\xF1os para usar esta plataforma.,"Sie m\xFCssen \xFCber 18 Jahre alt sein, um die Plattform nutzen      zu k\xF6nnen.",Πρέπει να είστε      άνω των 18 ετών για      να χρησιμοποιήσετε      την πλατφόρμα.,Per utilizzare la piattaforma \xE8 necessario avere pi\xF9 di 18      anni.,Je moet 18 jaar of ouder zijn om het platform te gebruiken.,Du m\xE5 v\xE6re over 18 \xE5r for \xE5 bruke plattformen.,Aby korzystać z platformy musisz mieć ukończone      18 lat.,Za uporabo platforme morate biti starejši od 18 let.
ERROR_COUNTRY_SELECT,You must select a country.,Debes elegir un pais.,Sie m\xFCssen ein Land ausw\xE4hlen.,Πρέπει να επιλέξετε      μια χώρα.,\xC8 necessario selezionare un paese.,U moet een land selecteren.,Du m\xE5 velge et land.,Musisz wybrać kraj.,Izbrati morate državo.
ERROR_REGION_SELECT,You must select a region.,Debes elegir una regi\xF3n.,Sie m\xFCssen eine Region ausw\xE4hlen.,Πρέπει να επιλέξετε      μια περιοχή.,\xC8 necessario selezionare una regione.,U moet een regio selecteren.,Du m\xE5 velge en region.,Musisz wybrać region.,Izbrati morate regijo.
ERROR_PC_FORMAT,Invalid postal code format.,Formato de c\xF3digo postal no v\xE1lido.,Ung\xFCltiges Postleitzahlformat.,Μη έγκυρη μορφή      ταχυδρομικού κώδικα.,Formato del codice postale non valido.,Ongeldig postcodeformaat.,Ugyldig postnummerformat.,Nieprawidłowy format kodu pocztowego.,Neveljavna oblika poštne številke.
ERROR_T&C_A,You must accept the Terms and Conditions to continue.,Debes aceptar los Terminos y Condiciones para continuar.,"Um fortfahren zu k\xF6nnen, m\xFCssen Sie die Allgemeinen Gesch\xE4ftsbedingungen      akzeptieren.",Πρέπει να αποδεχτείτε      τους Όρους και      Προϋποθέσεις για      να συνεχίσετε.,"Per continuare, \xE8 necessario accettare i Termini e le Condizioni.",U dient de algemene voorwaarden te accepteren om verder te gaan.,Du m\xE5 godta vilk\xE5rene og betingelsene for \xE5 fortsette.,"Aby kontynuować, musisz zaakceptować Regulamin.",Za nadaljevanje morate sprejeti pogoje uporabe.
SIGNIN,Sign in,Iniciar sesi\xF3n,anmelden,Σύνδεση,Registrazione,Inloggen,Logg inn,Zalogować się,Prijava
PASS_FORGOT,Forgot you password?,\xBFHas olvidado tu contrase\xF1a?,Passwort vergessen?,Ξεχάσατε τον      κωδικό πρόσβασής      σας;,Hai dimenticato la password?,Wachtwoord vergeten?,Glemt passordet ditt?,Zapomniałeś hasła?,Ste pozabili geslo?
NOACC_SIGN,Don't have an account? Sign up,\xBFNo tienes cuenta? Registrate.,Sie haben noch kein Konto? Jetzt registrieren!,Δεν έχετε λογαριασμό;      Εγγραφείτε,Non hai un account? Registrati,Nog geen account? Meld je aan,Har du ikke en konto? Registrer deg,Nie masz konta? Zarejestruj się,Nimate računa? Registrirajte se
FP_TITLE,Reset password,Restablecer contrase\xF1a,Passwort zur\xFCcksetzen,Επαναφορά κωδικού      πρόσβασης,Reimposta la password,Wachtwoord opnieuw instellen,Tilbakestill passord,Zresetuj hasło,Ponastavi geslo
FP_DESC,Input your email and we'll send you a link to reset your password.,Introduce tu correo electronico y te mandaremos un enlace para      restablecer la contrase\xF1a.,Geben Sie Ihre E-Mail-Adresse ein und wir senden Ihnen einen Link      zum Zur\xFCcksetzen Ihres Passworts.,Εισαγάγετε το      email σας και θα σας      στείλουμε έναν      σύνδεσμο για να      επαναφέρετε τον      κωδικό πρόσβασής      σας.,Inserisci il tuo indirizzo email e ti invieremo un link per reimpostare,Voer je e-mailadres in en we sturen je een link om je wachtwoord,"Skriv inn e-postadressen din, s\xE5 sender vi deg en lenke for      \xE5 tilbakestille passordet ditt.","Podaj sw\xF3j adres e-mail, a my wyślemy Ci link umożliwiający      zresetowanie hasła.",Vnesite svoj e-poštni naslov in poslali vam bomo povezavo      za ponastavitev gesla.
TXT_CONTINUE,Continue,Continuar,Weitermachen,Συνεχίζω,Continuare,Doorgaan,Fortsette,Kontynuować,Nadaljuj
TXT_BACK,Back,Volver,Zur\xFCck,Πίσω,Indietro,Rug,Tilbake,Z powrotem,Nazaj
LOADING_NUTRI,Loading {global.PET_NAME},Cargando {global.PET_NAME},{global.PET_NAME} wird geladen,Φόρτωση {global.PET_NAME},Caricamento di {global.PET_NAME},Laden van {global.PET_NAME},Laster inn {global.PET_NAME},Ładowanie {global.PET_NAME},Nalaganje {global.PET_NAME}
PET_NAME,Foody,Nutri,Foody,Foody,Foody,Foody,Foody,Foody,Foody
NAV_NOTIFICATIONS,Notifications,Notificaciones,Benachrichtigungen,Ειδοποιήσεις,Notifiche,Meldingen,Varsler,Powiadomienia,Obvestila
COMPLETE_WELCOME_MESSAGE,"'Together, we''ll connect your kitchen with caring for the planet.","Juntos, conectaremos tu cocina con el cuidado del planeta.\n\nCocina,      aprende, comparte y crece cada d\xEDa.\n\n\xBFListo para empezar?","Gemeinsam verbinden wir deine K\xFCche mit dem Schutz unseres Planeten.\n\nKochen,      lernen, teilen und wachsen – jeden Tag.\n\nBereit loszulegen?","Μαζί, θα συνδέσουμε      την κουζίνα σας      με τη φροντίδα      του πλανήτη.\n\nΜαγειρέψτε,      μάθετε, μοιραστείτε      και εξελιχθείτε      κάθε μέρα.\n\nΕίστε      έτοιμοι να ξεκινήσετε;","'Insieme, uniremo la tua cucina al rispetto per il pianeta.",'Samen verbinden we jouw keuken met zorg voor de planeet.,"Sammen skal vi koble kj\xF8kkenet ditt med \xE5 ta vare p\xE5 planeten.\n\nLag      mat, l\xE6r, del og dyrk hver dag.\n\nKlar til \xE5 starte?","Razem połączymy Twoją kuchnię z troską      o planetę.\n\nGotuj, ucz się, dziel się i rozwijaj każdego      dnia.\n\nGotowy do startu?","Skupaj bomo vašo kuhinjo povezali s skrbjo za planet.\n\nKuhajte,      učite se, delite in gojite vsak dan.\n\nSte pripravljeni začeti?"
BTN_CREATE_AVATAR,Create your avatar,Crea tu avatar,Erstelle deinen Avatar,Δημιουργήστε      το avatar σας,Crea il tuo avatar,Maak je avatar aan,Lag din avatar,Utw\xF3rz sw\xF3j awatar,Ustvari svoj avatar
BTN_COMPLETE_PROFILE,Complete your profile,Completa tu perfil,Vervollst\xE4ndigen Sie Ihr Profil,Ολοκληρώστε      το προφίλ σας,Completa il tuo profilo,Voltooi je profiel,Fullf\xF8r profilen din,Uzupełnij sw\xF3j profil,Izpolnite svoj profil
BTN_ENTER_APP,Enter the app,Entra en la aplicaci\xF3n,App \xF6ffnen,Εισέλθετε στην      εφαρμογή,Accedi all'app,Open de app,G\xE5 inn i appen,Wejdź do aplikacji,Vstopite v aplikacijo
API_ERROR_LOGIN_401,User or password incorrect,Usuario o contrase\xF1a incorrectos,Benutzername oder Passwort falsch,Λανθασμένος      χρήστης ή κωδικός      πρόσβασης,Nome utente o password errati,Gebruikersnaam of wachtwoord onjuist,Bruker eller passord feil,Nieprawidłowy użytkownik lub hasło,Uporabnik ali geslo je napačno
API_ERROR_404,Service not found,Servicio no encontrado,Dienst nicht gefunden,Η υπηρεσία δεν      βρέθηκε,Servizio non trovato,Service niet gevonden,Tjenesten ble ikke funnet,Usługa nie została znaleziona,Storitve ni bilo mogoče najti
API_ERROR_400,Invalid request,Solicitud no v\xE1lida,Ung\xFCltige Anfrage,Μη έγκυρο αίτημα,Richiesta non valida,Ongeldig verzoek,Ugyldig foresp\xF8rsel,Nieprawidłowe żądanie,Neveljavna zahteva
API_ERROR_500,Server error,Error del servidor,Serverfehler,Σφάλμα διακομιστή,Errore del server,Serverfout,Serverfeil,Błąd serwera,Napaka strežnika
API_ERROR_CONNECTION,Conection error: {0},Error de conexi\xF3n: {0},Verbindungsfehler: {0},Σφάλμα σύνδεσης:      {0},Errore di connessione: {0},Verbindingsfout: {0},Tilkoblingsfeil: {0},Błąd połączenia: {0},Napaka povezave: {0}
API_ERROR_INVALID_RESPONSE,Server invalid response,Respuesta no v\xE1lida del servidor,Ung\xFCltige Serverantwort,Μη έγκυρη απάντηση      διακομιστή,Risposta non valida del server,Ongeldige reactie van de server,Ugyldig svar fra serveren,Nieprawidłowa odpowiedź serwera,Neveljaven odgovor strežnika
API_ERROR_UNEXPECTED,Unexpected error: {0},Error inesperado: {0},Unerwarteter Fehler: {0},Μη αναμενόμενο      σφάλμα: {0},Errore imprevisto: {0},Onverwachte fout: {0},Uventet feil: {0},Nieoczekiwany błąd: {0},Nepričakovana napaka: {0}
API_ERROR_REGISTER_400,Invalid registration data,Datos de registro no v\xE1lidos,Ung\xFCltige Registrierungsdaten,Μη έγκυρα δεδομένα      εγγραφής,Dati di registrazione non validi,Ongeldige registratiegegevens,Ugyldige registreringsdata,Nieprawidłowe dane rejestracyjne,Neveljavni registracijski podatki
API_ERROR_REGISTER_409,User already exists,El usuario ya existe,Benutzer existiert bereits,Ο χρήστης υπάρχει      ήδη,L'utente esiste gi\xE0,Gebruiker bestaat al,Brukeren finnes allerede,Użytkownik już istnieje,Uporabnik že obstaja
DELETE_ACCOUNT_TITLE,Attention!,\xA1Atenci\xF3n!,Aufmerksamkeit!,Προσοχή!,Attenzione!,Aandacht!,Oppmerksomhet!,Uwaga!,Pozor!
DELETE_ACCOUNT_MESSAGE,This action will permanently delete all your data from the platform.\n\n\xBFAre      you sure?,Esta acci\xF3n eliminar\xE1 permanentemente todos tus datos de      la plataforma.\n\n\xBFEst\xE1s seguro?,Diese Aktion l\xF6scht alle Ihre Daten dauerhaft von der Plattform.\n\nSind      Sie sicher?,Αυτή η ενέργεια      θα διαγράψει οριστικά      όλα τα δεδομένα      σας από την πλατφόρμα.\n\nΕίστε      σίγουροι;,Questa azione eliminer\xE0 definitivamente tutti i tuoi dati dalla      piattaforma.\n\nSei sicuro?,'Door deze actie worden al uw gegevens permanent van het platform,'Denne handlingen vil slette alle dataene dine permanent fra plattformen.,Ta czynność spowoduje trwałe usunięcie wszystkich      Twoich danych z platformy.\n\nCzy jesteś pewien?,S tem dejanjem boste trajno izbrisali vse svoje podatke s platforme.\n\nSte      prepričani?
TEXT_SIZE,Text size,Tama\xF1o del texto,Textgr\xF6\xDFe,Μέγεθος κειμένου,Dimensione del testo,Tekstgrootte,Tekstst\xF8rrelse,Rozmiar tekstu,Velikost besedila
THEME,Theme,Tema,Thema,Θέμα,Tema,Thema,Tema,Temat,Tema
BACKGROUND,Background,Fondo,Hintergrund,Φόντο,Sfondo,Achtergrond,Bakgrunn,Tło,Ozadje
FONT,Font,Fuente,Schriftart,Γραμματοσειρά,Font,Lettertype,Skrifttype,Chrzcielnica,Pisava
PUSH_NOTIFICATIONS,Push notifications,notificaciones push,Push-Benachrichtigungen,Ειδοποιήσεις      push,Notifiche push,Pushmeldingen,Push-varsler,Powiadomienia push,Potisna obvestila
LANGUAGE,Language,Idioma,Sprache,Γλώσσα,Lingua,Taal,Spr\xE5k,Język,Jezik
SOUND,Sound,Sonido,Klang,Ήχος,Suono,Geluid,Lyd,Dźwięk,Zvok
MUSIC,Music,M\xFAsica,Musik,Μουσική,Musica,Muziek,Musikk,Muzyka,Glasba
LIGHT,Light,Claro,Licht,Φως,Leggero,Licht,Lys,Światło,Svetloba
DARK,Dark,Oscuro,Dunkel,Σκοτάδι,Buio,Donker,M\xF8rk,Ciemny,Temno
SYSTEM,System,Sistema,System,Σύστημα,Sistema,Systeem,System,System,Sistem
LANG_NL,Dutch,Holand\xE9s,Niederl\xE4ndisch,Ολλανδός,Olandese,Nederlands,Nederlandsk,Holenderski,Nizozemščina
LANG_EN,English,Ingl\xE9s,Englisch,αγγλικός,Inglese,Engels,Engelsk,Angielski,Angleščina
LANG_DE,German,Alem\xE1n,Deutsch,Γερμανός,Tedesco,Duits,Tysk,Niemiecki,Nemščina
LANG_EL,Greek,Griego,Riechisch,ελληνικά,Greco,Grieks,Gresk,Grecki,Grščina
LANG_IT,Italian,Italiano,Italienisch,ιταλικά,Italiano,Italiaans,Italiensk,Włoski,Italijanščina
LANG_NO,Norwegian,Noruego,Norwegisch,Νορβηγός,Norvegese,Noors,Norsk,Norweski,Norveščina
LANG_PL,Polish,Polaco,Polieren,Στίλβωση,Polacco,Pools,Pusse,Polski,Poljščina
LANG_SL,Slovenian,Esloveno,Slowenisch,Σλοβενικά,Sloveno,Sloveens,Slovensk,Słoweński,Slovenščina
LANG_ES,Spanish,Espa\xF1ol,Spanisch,ισπανικά,Spagnolo,Spaans,Spansk,Hiszpański,Španščina
SCALE_SM,Small,Peque\xF1o,Klein,Μικρό,Piccolo,Klein,Liten,Mały,Majhna
SCALE_MD,Medium,Medio,Medium,Μέσον,Mezzo,Medium,Medium,Średni,Srednje
SCALE_LG,Large,Grande,Gro\xDF,Μεγάλο,Grande,Groot,Stor,Duży,Velika
ON,On,Encendido,An,Επί,Acceso,Op,P\xE5,NA,Vklopljeno
OFF,Off,Apagado,Aus,Μακριά από,Spento,Uit,Av,Wyłączony,Izklopljeno
PLAIN,Plain,Plano,Schmucklos,Πεδιάδα,Pianura,Vlak,Vanlig,Zwykły,Navaden
PATTERN,Pattern,Patr\xF3n,Muster,Πρότυπο,Modello,Patroon,M\xF8nster,Wz\xF3r,Vzorec
SETTINGS,Settings,Ajustes,Einstellungen,Ρυθμίσεις,Impostazioni,Instellingen,Innstillinger,Ustawienia,Nastavitve
LOGIN,Login,Acceso,Login,Σύνδεση,Login,Login,Logg inn,Login,Prijava
REGISTER,Register,Registro,Registrieren,Μητρώο,Registro,Register,Register,Rejestr,Registracija
FORGOT_PASSWORD,Forgot Password,Has olvidado tu contrase\xF1a,Passwort vergessen?,Ξέχασα τον κωδικό      πρόσβασης,Ha dimenticato la password,Wachtwoord vergeten,Glemt passord,Zapomniałem hasła,Pozabljeno geslo
ONBOARDING,Onboarding,Onboarding,Onboarding,Ενσωμάτωση,Onboarding,Inwerken,Onboarding,Onboarding,Uvajanje
EDIT_PROFILE,Edit Profile,Editar perfil,Profil bearbeiten,Επεξεργασία      προφίλ,Modifica profilo,Profiel bewerken,Rediger profil,Edytuj profil,Uredi profil
EDIT_AVATAR,Edit Avatar,Editar avatar,Avatar bearbeiten,Επεξεργασία      Άβαταρ,Modifica avatar,Avatar bewerken,Rediger avatar,Edytuj awatar,Uredi avatar
MANAGE_GROUPS,Manage Groups,Administrar grupos,Gruppen verwalten,Διαχείριση ομάδων,Gestisci gruppi,Groepen beheren,Administrer grupper,Zarządzaj grupami,Upravljanje skupin
VIEW_BADGES,View Badges,Ver insignias,Abzeichen ansehen,Προβολή εμβλημάτων,Visualizza i badge,Badges bekijken,Vis merker,Wyświetl odznaki,Ogled značk
DELETE_ACCOUNT,Delete Account,Eliminar cuenta,Konto l\xF6schen,Διαγραφή λογαριασμού,Elimina account,Account verwijderen,Slett konto,Usuń konto,Izbriši račun
LOG_OUT,Log out,Cerrar la sesi\xF3n,Abmelden,Αποσύνδεση,Disconnettiti,Uitloggen,Logg ut,Wyloguj się,Odjava
DAILY_CHALLENGE,Daily challenge,Desaf\xEDo diario,T\xE4gliche Herausforderung,Ημερήσια πρόκληση,Sfida quotidiana,Dagelijkse uitdaging,Daglig utfordring,Codzienne wyzwanie,Dnevni izziv
MISSIONS,Missions,Misiones,Missionen,Αποστολές,Missioni,Missies,Oppdrag,Misje,Misije
SHOPPING_LIST,Shopping list,Lista de compras,Einkaufsliste,Λίστα αγορών,Lista della spesa,Boodschappenlijst,Handleliste,Lista zakup\xF3w,Nakupovalni seznam
PANTRY,Pantry,Despensa,Speisekammer,Ντουλάπι,Dispensa,Voorraadkast,Spiskammer,Spiżarnia,Shramba
RECIPE_BOOK,Recipe book,Libro de recetas,Rezeptbuch,Βιβλίο συνταγών,Ricettario,Receptenboek,Oppskriftsbok,Książka kucharska,Knjiga receptov
FOOD_WASTE,Food waste,desperdicio de alimentos,Lebensmittelabf\xE4lle,Σπατάλη τροφίμων,spreco alimentare,Voedselverspilling,Matsvinn,Marnowanie żywności,Odpadki hrane
KNOWLEDGE,Knowledge,Conocimiento,Wissen,Γνώση,Conoscenza,Kennis,Kunnskap,Wiedza,Znanje
GLOBAL_COMMUNITY,Global community,Comunidad global,Globale Gemeinschaft,Παγκόσμια κοινότητα,Comunit\xE0 globale,Wereldwijde gemeenschap,Globalt fellesskap,Społeczność globalna,Globalna skupnost
MAP,Map,Mapa,Karte,Χάρτης,Mappa,Kaart,Kart,Mapa,Zemljevid
MARK_ALL_AS_READ,Mark all as read,Marcar todo como leido,Alles als gelesen markieren,Επισήμανση όλων      ως αναγνωσμένων,Segna tutto come letto,Alles als gelezen markeren,Merk alle som lest,Oznacz wszystkie jako przeczytane,Oznaci vse kot prebrano
NO_NOTIFICATIONS,No notifications,No hay notificaciones,Keine Benachrichtigungen,Δεν υπάρχουν      ειδοποιήσεις,Nessuna notifica,Geen meldingen,Ingen varsler,Brak powiadomien,Ni obvestil
HOME_MSG_NIS,Your nutritional intelligence status,Su nivel de inteligencia nutricional,Ihr Ern\xE4hrungsstatus,Η διατροφική      σας νοημοσύνη,Il tuo stato di intelligenza nutrizionale,Uw status op het gebied van voedingsintelligentie,Din ern\xE6ringsmessige intelligensstatus,Tw\xF3j stan inteligencji żywieniowej,Vaše stanje prehranske inteligence
T_B_HEALTH,Health,Salud,Gesundheit,Υγεία,Salute,Gezondheid,Helse,Zdrowie,Zdravje
T_B_SUSTAINABILITY,Sustainability,Sostenibilidad,Nachhaltigkeit,Βιωσιμότητα,Sostenibilit\xE0,Duurzaamheid,B\xE6rekraft,Zr\xF3wnoważony rozw\xF3j,Trajnost
T_B_KNOWLEDGE,Knowledge,Conocimiento,Wissen,Γνώση,Conoscenza,Kennis,Kunnskap,Wiedza,Znanje
TODAY,Today,Hoy,Heute,Σήμερα,Oggi,Vandaag,I dag,Dzisiaj,Danes
WEEK,Week,Semana,Woche,Εβδομάδα,Settimana,Week,Uke,Tydzień,Teden
MONTH,Month,Mes,Monat,Μήνας,Mese,Maand,M\xE5ned,Miesiąc,Mesec
ME,Me,A m\xED,Mich,Μου,Me,Mij,Meg,Ja,Jaz
GROUP,Group,Grupo,Gruppe,Ομάδα,Gruppo,Groep,Gruppe,Grupa,Skupina
CREATE_ACCOUNT,Create your account,Crea tu cuenta,Erstellen Sie Ihr Konto,Δημιουργήστε      τον λογαριασμό      σας,Crea il tuo account,Maak uw account aan,Opprett kontoen din,Utw\xF3rz swoje konto,Ustvarite svoj račun
SELECT_GENDER,Gender,G\xE9nero,Geschlecht,Γένος,Genere,Geslacht,Kj\xF8nn,Płeć,Spol
TXT_COMPLETE_PROFILE_TITLE,Complete your profile,Completa tu perfil,Vervollst\xE4ndigen Sie Ihr Profil,Ολοκληρώστε      το προφίλ σας,Completa il tuo profilo,Voltooi je profiel,Fullf\xF8r profilen din,Uzupełnij sw\xF3j profil,Izpolnite svoj profil
TXT_COMPLETE_PROFILE_MSG,This information helps us to tailor your experience,Esta informaci\xF3n nos ayuda a personalizar su experiencia.,"Diese Informationen helfen uns, Ihr Erlebnis individuell anzupassen.",Αυτές οι πληροφορίες      μας βοηθούν να      προσαρμόσουμε      την εμπειρία σας,Queste informazioni ci aiutano a personalizzare la tua esperienza,Deze informatie helpt ons om uw ervaring op maat te maken.,Denne informasjonen hjelper oss med \xE5 skreddersy opplevelsen      din,Informacje te pomagają nam dostosować Twoje doświadczenie,Te informacije nam pomagajo prilagoditi vašo izkušnjo
FORGOT_PASSWORD_EMAIL_SENT,Email sent. Check your inbox.,Email sent. Check your inbox.,Email sent. Check your inbox.,Email sent. Check your inbox.,Email sent. Check your inbox.,Email sent. Check your inbox.,Email sent. Check your inbox.,Email sent. Check your inbox.,Email sent. Check your inbox.
FORGOT_PASSWORD_ERROR,Could not send reset email. Try again.,Could not send reset email. Try again.,Could not send reset email. Try again.,Could not send reset email. Try again.,Could not send reset email. Try again.,Could not send reset email. Try again.,Could not send reset email. Try again.,Could not send reset email. Try again.,Could not send reset email. Try again.
ALERT_SUCCESS_TITLE,Success,Success,Success,Success,Success,Success,Success,Success,Success
MEAL_LOG_ADD,Log Meal,Log Meal,Log Meal,Log Meal,Log Meal,Log Meal,Log Meal,Log Meal,Log Meal
MEAL_SELECTOR,Meal,Meal,Meal,Meal,Meal,Meal,Meal,Meal,Meal
SEARCH_MEALS_PLACEHOLDER,Search meals...,Search meals...,Search meals...,Search meals...,Search meals...,Search meals...,Search meals...,Search meals...,Search meals...
CREATE_MEAL,Create meal,Create meal,Create meal,Create meal,Create meal,Create meal,Create meal,Create meal,Create meal
TYPE_OF_MEAL,Type of meal,Type of meal,Type of meal,Type of meal,Type of meal,Type of meal,Type of meal,Type of meal,Type of meal
FROM_PANTRY,From pantry,From pantry,From pantry,From pantry,From pantry,From pantry,From pantry,From pantry,From pantry
EATEN_OUT,Eaten out,Eaten out,Eaten out,Eaten out,Eaten out,Eaten out,Eaten out,Eaten out,Eaten out
DEDUCTION_LABEL,Select items to deduct from pantry,Select items to deduct from pantry,Select items to deduct from pantry,Select items to deduct from pantry,Select items to deduct from pantry,Select items to deduct from pantry,Select items to deduct from pantry,Select items to deduct from pantry,Select items to deduct from pantry
LOG_MEAL_BTN,Log Meal,Log Meal,Log Meal,Log Meal,Log Meal,Log Meal,Log Meal,Log Meal,Log Meal
FOOD_WASTE_ADD,Log Waste,Log Waste,Log Waste,Log Waste,Log Waste,Log Waste,Log Waste,Log Waste,Log Waste
PANTRY_ITEM_LABEL,Pantry item,Pantry item,Pantry item,Pantry item,Pantry item,Pantry item,Pantry item,Pantry item,Pantry item
QUANTITY_WASTED,Quantity wasted,Quantity wasted,Quantity wasted,Quantity wasted,Quantity wasted,Quantity wasted,Quantity wasted,Quantity wasted,Quantity wasted
WASTE_REASON_LABEL,Waste reason,Waste reason,Waste reason,Waste reason,Waste reason,Waste reason,Waste reason,Waste reason,Waste reason
DETECTION_METHOD,Detection method,Detection method,Detection method,Detection method,Detection method,Detection method,Detection method,Detection method,Detection method
ESTIMATED_COST,Estimated cost (€),Estimated cost (€),Estimated cost (€),Estimated cost (€),Estimated cost (€),Estimated cost (€),Estimated cost (€),Estimated cost (€),Estimated cost (€)
NOTES,Notes,Notes,Notes,Notes,Notes,Notes,Notes,Notes,Notes
SAVE,Save,Save,Save,Save,Save,Save,Save,Save,Save
FILTER_ITEMS,Filter items...,Filter items...,Filter items...,Filter items...,Filter items...,Filter items...,Filter items...,Filter items...,Filter items...
MOVE_TO_WASTE,Move to waste,Move to waste,Move to waste,Move to waste,Move to waste,Move to waste,Move to waste,Move to waste,Move to waste
PANTRY_EMPTY,Your pantry is empty. Tap + to add items.,Your pantry is empty. Tap + to add items.,Your pantry is empty. Tap + to add items.,Your pantry is empty. Tap + to add items.,Your pantry is empty. Tap + to add items.,Your pantry is empty. Tap + to add items.,Your pantry is empty. Tap + to add items.,Your pantry is empty. Tap + to add items.,Your pantry is empty. Tap + to add items.
FOOD_WASTE_TITLE,Food Waste,Food Waste,Food Waste,Food Waste,Food Waste,Food Waste,Food Waste,Food Waste,Food Waste
WASTE_EMPTY,No waste logged yet. Tap + to log waste.,No waste logged yet. Tap + to log waste.,No waste logged yet. Tap + to log waste.,No waste logged yet. Tap + to log waste.,No waste logged yet. Tap + to log waste.,No waste logged yet. Tap + to log waste.,No waste logged yet. Tap + to log waste.,No waste logged yet. Tap + to log waste.,No waste logged yet. Tap + to log waste.
MEAL_LOG_TITLE,Meal Log,Meal Log,Meal Log,Meal Log,Meal Log,Meal Log,Meal Log,Meal Log,Meal Log
MEAL_LOG_EMPTY,No meals logged yet. Tap + to log your first meal.,No meals logged yet. Tap + to log your first meal.,No meals logged yet. Tap + to log your first meal.,No meals logged yet. Tap + to log your first meal.,No meals logged yet. Tap + to log your first meal.,No meals logged yet. Tap + to log your first meal.,No meals logged yet. Tap + to log your first meal.,No meals logged yet. Tap + to log your first meal.,No meals logged yet. Tap + to log your first meal.
SHOPPING_LISTS_TITLE,Shopping Lists,Shopping Lists,Shopping Lists,Shopping Lists,Shopping Lists,Shopping Lists,Shopping Lists,Shopping Lists,Shopping Lists
SHOPPING_LISTS_EMPTY,No shopping lists yet. Tap New List to create one.,No shopping lists yet. Tap New List to create one.,No shopping lists yet. Tap New List to create one.,No shopping lists yet. Tap New List to create one.,No shopping lists yet. Tap New List to create one.,No shopping lists yet. Tap New List to create one.,No shopping lists yet. Tap New List to create one.,No shopping lists yet. Tap New List to create one.,No shopping lists yet. Tap New List to create one.
NEW_LIST,New List,New List,New List,New List,New List,New List,New List,New List,New List
SHOPPING_LIST_DETAIL,Shopping List,Shopping List,Shopping List,Shopping List,Shopping List,Shopping List,Shopping List,Shopping List,Shopping List
CLEAR_DONE,Clear done,Clear done,Clear done,Clear done,Clear done,Clear done,Clear done,Clear done,Clear done
SHOPPING_ITEMS_EMPTY,No items yet. Tap + to add items.,No items yet. Tap + to add items.,No items yet. Tap + to add items.,No items yet. Tap + to add items.,No items yet. Tap + to add items.,No items yet. Tap + to add items.,No items yet. Tap + to add items.,No items yet. Tap + to add items.,No items yet. Tap + to add items.
PANTRY_ITEM_DETAIL,Item,Item,Item,Item,Item,Item,Item,Item,Item
QUANTITY,Quantity,Quantity,Quantity,Quantity,Quantity,Quantity,Quantity,Quantity,Quantity
UNIT,Unit,Unit,Unit,Unit,Unit,Unit,Unit,Unit,Unit
LOCATION,Location,Location,Location,Location,Location,Location,Location,Location,Location
EXPIRY_DATE,Expiry date,Expiry date,Expiry date,Expiry date,Expiry date,Expiry date,Expiry date,Expiry date,Expiry date
DATE_FORMAT,YYYY-MM-DD,YYYY-MM-DD,YYYY-MM-DD,YYYY-MM-DD,YYYY-MM-DD,YYYY-MM-DD,YYYY-MM-DD,YYYY-MM-DD,YYYY-MM-DD
DELETE,Delete,Delete,Delete,Delete,Delete,Delete,Delete,Delete,Delete
ACTIVITY_LEVEL,Activity level,Activity level,Activity level,Activity level,Activity level,Activity level,Activity level,Activity level,Activity level
SELECT_DEFAULT,Select...,Select...,Select...,Select...,Select...,Select...,Select...,Select...,Select...
DIETARY_PREFERENCES,Dietary preferences,Dietary preferences,Dietary preferences,Dietary preferences,Dietary preferences,Dietary preferences,Dietary preferences,Dietary preferences,Dietary preferences
SHOPPING_RESPONSIBILITY,Shopping responsibility,Shopping responsibility,Shopping responsibility,Shopping responsibility,Shopping responsibility,Shopping responsibility,Shopping responsibility,Shopping responsibility,Shopping responsibility
EDUCATION_LEVEL,Education level,Education level,Education level,Education level,Education level,Education level,Education level,Education level,Education level
ANNUAL_INCOME,Annual income,Annual income,Annual income,Annual income,Annual income,Annual income,Annual income,Annual income,Annual income
SKIP,Skip,Skip,Skip,Skip,Skip,Skip,Skip,Skip,Skip
SAVE_CONTINUE,Save & continue,Save & continue,Save & continue,Save & continue,Save & continue,Save & continue,Save & continue,Save & continue,Save & continue
EXIT_NO_SAVE,Exit without saving,Exit without saving,Exit without saving,Exit without saving,Exit without saving,Exit without saving,Exit without saving,Exit without saving,Exit without saving
CONFIRM,Confirm,Confirm,Confirm,Confirm,Confirm,Confirm,Confirm,Confirm,Confirm
HOME_STEPPER_CHOICES,"Calories,Carbon footprint,Amount spent,Proteins","Calories,Carbon footprint,Amount spent,Proteins","Calories,Carbon footprint,Amount spent,Proteins","Calories,Carbon footprint,Amount spent,Proteins","Calories,Carbon footprint,Amount spent,Proteins","Calories,Carbon footprint,Amount spent,Proteins","Calories,Carbon footprint,Amount spent,Proteins","Calories,Carbon footprint,Amount spent,Proteins","Calories,Carbon footprint,Amount spent,Proteins"
CALORIES_CONSUMED,Calories consumed,Calories consumed,Calories consumed,Calories consumed,Calories consumed,Calories consumed,Calories consumed,Calories consumed,Calories consumed
CALORIES_LEFT,Left,Left,Left,Left,Left,Left,Left,Left,Left
CONFIRM_DELETE_MSG,"Delete ""{0}""?","Delete ""{0}""?","Delete ""{0}""?","Delete ""{0}""?","Delete ""{0}""?","Delete ""{0}""?","Delete ""{0}""?","Delete ""{0}""?","Delete ""{0}""?"
DELETE_LOG,Delete log,Delete log,Delete log,Delete log,Delete log,Delete log,Delete log,Delete log,Delete log
DELETE_LIST,Delete list,Delete list,Delete list,Delete list,Delete list,Delete list,Delete list,Delete list,Delete list
DELETE_WASTE,Delete waste entry,Delete waste entry,Delete waste entry,Delete waste entry,Delete waste entry,Delete waste entry,Delete waste entry,Delete waste entry,Delete waste entry
NEW_SHOPPING_LIST,New shopping list,New shopping list,New shopping list,New shopping list,New shopping list,New shopping list,New shopping list,New shopping list,New shopping list
RENAME_LIST,Rename list,Rename list,Rename list,Rename list,Rename list,Rename list,Rename list,Rename list,Rename list
ADD_ITEM,Add item,Add item,Add item,Add item,Add item,Add item,Add item,Add item,Add item
EDIT_ITEM_TITLE,Edit: {0},Edit: {0},Edit: {0},Edit: {0},Edit: {0},Edit: {0},Edit: {0},Edit: {0},Edit: {0}
EXPIRED_BANNER,1 item expired,1 item expired,1 item expired,1 item expired,1 item expired,1 item expired,1 item expired,1 item expired,1 item expired
EXPIRED_BANNER_PLURAL,{0} items expired,{0} items expired,{0} items expired,{0} items expired,{0} items expired,{0} items expired,{0} items expired,{0} items expired,{0} items expired
ITEMS_MOVED_WASTE,{0} item moved to waste,{0} item moved to waste,{0} item moved to waste,{0} item moved to waste,{0} item moved to waste,{0} item moved to waste,{0} item moved to waste,{0} item moved to waste,{0} item moved to waste
ITEMS_MOVED_WASTE_PLURAL,{0} items moved to waste,{0} items moved to waste,{0} items moved to waste,{0} items moved to waste,{0} items moved to waste,{0} items moved to waste,{0} items moved to waste,{0} items moved to waste,{0} items moved to waste
LIST_NAME_PLACEHOLDER,List name,List name,List name,List name,List name,List name,List name,List name,List name
QUANTITY_PLACEHOLDER,Quantity,Quantity,Quantity,Quantity,Quantity,Quantity,Quantity,Quantity,Quantity
MENU_VIEW,View,View,View,View,View,View,View,View,View
SELECT_FIRST,Select an item first.,Select an item first.,Select an item first.,Select an item first.,Select an item first.,Select an item first.,Select an item first.,Select an item first.,Select an item first.
ADD_ITEM_ERROR,Could not add the selected item.,Could not add the selected item.,Could not add the selected item.,Could not add the selected item.,Could not add the selected item.,Could not add the selected item.,Could not add the selected item.,Could not add the selected item.,Could not add the selected item.
MAX_QTY_LABEL,Max: {0},Max: {0},Max: {0},Max: {0},Max: {0},Max: {0},Max: {0},Max: {0},Max: {0}
CREATE,Create,Create,Create,Create,Create,Create,Create,Create,Create
MOVE_EXPIRED_MSG,Move 1 expired item to food waste?,Move 1 expired item to food waste?,Move 1 expired item to food waste?,Move 1 expired item to food waste?,Move 1 expired item to food waste?,Move 1 expired item to food waste?,Move 1 expired item to food waste?,Move 1 expired item to food waste?,Move 1 expired item to food waste?
MOVE_EXPIRED_MSG_PLURAL,Move {0} expired items to food waste?,Move {0} expired items to food waste?,Move {0} expired items to food waste?,Move {0} expired items to food waste?,Move {0} expired items to food waste?,Move {0} expired items to food waste?,Move {0} expired items to food waste?,Move {0} expired items to food waste?,Move {0} expired items to food waste?
THIS_ITEM,this item,this item,this item,this item,this item,this item,this item,this item,this item
COULD_NOT_SEARCH_MEALS,Could not search meals. Check your connection.,Could not search meals. Check your connection.,Could not search meals. Check your connection.,Could not search meals. Check your connection.,Could not search meals. Check your connection.,Could not search meals. Check your connection.,Could not search meals. Check your connection.,Could not search meals. Check your connection.,Could not search meals. Check your connection.
ENTER_MEAL_NAME,Enter a meal name,Enter a meal name,Enter a meal name,Enter a meal name,Enter a meal name,Enter a meal name,Enter a meal name,Enter a meal name,Enter a meal name
COULD_NOT_CREATE_MEAL,Could not create meal,Could not create meal,Could not create meal,Could not create meal,Could not create meal,Could not create meal,Could not create meal,Could not create meal,Could not create meal
SELECT_MEAL_FIRST,Select a meal first,Select a meal first,Select a meal first,Select a meal first,Select a meal first,Select a meal first,Select a meal first,Select a meal first,Select a meal first
SELECT_MEAL_TYPE,Select type of meal,Select type of meal,Select type of meal,Select type of meal,Select type of meal,Select type of meal,Select type of meal,Select type of meal,Select type of meal
COULD_NOT_LOG_MEAL,Could not log the meal,Could not log the meal,Could not log the meal,Could not log the meal,Could not log the meal,Could not log the meal,Could not log the meal,Could not log the meal,Could not log the meal
MEAL_PANTRY_UPDATE_ERROR,Meal logged but pantry could not be updated. Please check your pantry items.,Meal logged but pantry could not be updated. Please check your pantry items.,Meal logged but pantry could not be updated. Please check your pantry items.,Meal logged but pantry could not be updated. Please check your pantry items.,Meal logged but pantry could not be updated. Please check your pantry items.,Meal logged but pantry could not be updated. Please check your pantry items.,Meal logged but pantry could not be updated. Please check your pantry items.,Meal logged but pantry could not be updated. Please check your pantry items.,Meal logged but pantry could not be updated. Please check your pantry items.
ERROR_LOADING_MEAL_LOG,Error loading meal log,Error loading meal log,Error loading meal log,Error loading meal log,Error loading meal log,Error loading meal log,Error loading meal log,Error loading meal log,Error loading meal log
SELECT_PANTRY_FIRST,Select a pantry item first,Select a pantry item first,Select a pantry item first,Select a pantry item first,Select a pantry item first,Select a pantry item first,Select a pantry item first,Select a pantry item first,Select a pantry item first
QTY_MUST_BE_POSITIVE,Quantity must be greater than 0,Quantity must be greater than 0,Quantity must be greater than 0,Quantity must be greater than 0,Quantity must be greater than 0,Quantity must be greater than 0,Quantity must be greater than 0,Quantity must be greater than 0,Quantity must be greater than 0
COULD_NOT_SAVE_WASTE,Could not save waste entry,Could not save waste entry,Could not save waste entry,Could not save waste entry,Could not save waste entry,Could not save waste entry,Could not save waste entry,Could not save waste entry,Could not save waste entry
COULD_NOT_REFRESH_CACHED,Could not refresh. Showing cached data.,Could not refresh. Showing cached data.,Could not refresh. Showing cached data.,Could not refresh. Showing cached data.,Could not refresh. Showing cached data.,Could not refresh. Showing cached data.,Could not refresh. Showing cached data.,Could not refresh. Showing cached data.,Could not refresh. Showing cached data.
ERROR_LOADING_WASTE_LOG,Error loading food waste log,Error loading food waste log,Error loading food waste log,Error loading food waste log,Error loading food waste log,Error loading food waste log,Error loading food waste log,Error loading food waste log,Error loading food waste log
COULD_NOT_LOAD_ITEM,Could not load item,Could not load item,Could not load item,Could not load item,Could not load item,Could not load item,Could not load item,Could not load item,Could not load item
COULD_NOT_SAVE_ITEM,Could not save item,Could not save item,Could not save item,Could not save item,Could not save item,Could not save item,Could not save item,Could not save item,Could not save item
ERROR_LOADING_PANTRY,Error loading pantry,Error loading pantry,Error loading pantry,Error loading pantry,Error loading pantry,Error loading pantry,Error loading pantry,Error loading pantry,Error loading pantry
FAILED_IMPORT_FOOD,Failed to import food: {0},Failed to import food: {0},Failed to import food: {0},Failed to import food: {0},Failed to import food: {0},Failed to import food: {0},Failed to import food: {0},Failed to import food: {0},Failed to import food: {0}
COULD_NOT_ADD_ITEM_MISSING,Could not add item: the product may be missing required data,Could not add item: the product may be missing required data,Could not add item: the product may be missing required data,Could not add item: the product may be missing required data,Could not add item: the product may be missing required data,Could not add item: the product may be missing required data,Could not add item: the product may be missing required data,Could not add item: the product may be missing required data,Could not add item: the product may be missing required data
COULD_NOT_ADD_CATEGORY_ITEM,Could not add category item,Could not add category item,Could not add category item,Could not add category item,Could not add category item,Could not add category item,Could not add category item,Could not add category item,Could not add category item
AUTO_DETECTED_EXPIRED,Auto-detected expired item,Auto-detected expired item,Auto-detected expired item,Auto-detected expired item,Auto-detected expired item,Auto-detected expired item,Auto-detected expired item,Auto-detected expired item,Auto-detected expired item
INVALID_SHOPPING_LIST,Invalid shopping list,Invalid shopping list,Invalid shopping list,Invalid shopping list,Invalid shopping list,Invalid shopping list,Invalid shopping list,Invalid shopping list,Invalid shopping list
COULD_NOT_LOAD_ITEMS,Could not load items,Could not load items,Could not load items,Could not load items,Could not load items,Could not load items,Could not load items,Could not load items,Could not load items
COULD_NOT_SEARCH_PRODUCTS,Could not search products,Could not search products,Could not search products,Could not search products,Could not search products,Could not search products,Could not search products,Could not search products,Could not search products
COULD_NOT_ADD_LIST_ITEM,Could not add the item,Could not add the item,Could not add the item,Could not add the item,Could not add the item,Could not add the item,Could not add the item,Could not add the item,Could not add the item
COULD_NOT_IMPORT_PRODUCT,Could not import the selected product,Could not import the selected product,Could not import the selected product,Could not import the selected product,Could not import the selected product,Could not import the selected product,Could not import the selected product,Could not import the selected product,Could not import the selected product
COULD_NOT_ADD_TO_LIST,Could not add the item to the list,Could not add the item to the list,Could not add the item to the list,Could not add the item to the list,Could not add the item to the list,Could not add the item to the list,Could not add the item to the list,Could not add the item to the list,Could not add the item to the list
COULD_NOT_UPDATE_LIST_ITEM,Could not update the item,Could not update the item,Could not update the item,Could not update the item,Could not update the item,Could not update the item,Could not update the item,Could not update the item,Could not update the item
COULD_NOT_DELETE_LIST_ITEM,Could not delete the item,Could not delete the item,Could not delete the item,Could not delete the item,Could not delete the item,Could not delete the item,Could not delete the item,Could not delete the item,Could not delete the item
COULD_NOT_CLEAR_ITEMS,Could not clear completed items,Could not clear completed items,Could not clear completed items,Could not clear completed items,Could not clear completed items,Could not clear completed items,Could not clear completed items,Could not clear completed items,Could not clear completed items
ERROR_LOADING_LISTS,Error loading lists,Error loading lists,Error loading lists,Error loading lists,Error loading lists,Error loading lists,Error loading lists,Error loading lists,Error loading lists
LIST_NAME_REQUIRED,List name is required,List name is required,List name is required,List name is required,List name is required,List name is required,List name is required,List name is required,List name is required
COULD_NOT_CREATE_LIST,Could not create the list,Could not create the list,Could not create the list,Could not create the list,Could not create the list,Could not create the list,Could not create the list,Could not create the list,Could not create the list
COULD_NOT_DELETE_LIST,Could not delete the list,Could not delete the list,Could not delete the list,Could not delete the list,Could not delete the list,Could not delete the list,Could not delete the list,Could not delete the list,Could not delete the list
INVITE_CODE_REQUIRED,Invite code is required,Invite code is required,Invite code is required,Invite code is required,Invite code is required,Invite code is required,Invite code is required,Invite code is required,Invite code is required
INVALID_INVITE_CODE,Invalid invite code or already a member,Invalid invite code or already a member,Invalid invite code or already a member,Invalid invite code or already a member,Invalid invite code or already a member,Invalid invite code or already a member,Invalid invite code or already a member,Invalid invite code or already a member,Invalid invite code or already a member
GROUP_NAME_REQUIRED,Name is required,Name is required,Name is required,Name is required,Name is required,Name is required,Name is required,Name is required,Name is required
ERROR_CREATING_GROUP,Error creating group,Error creating group,Error creating group,Error creating group,Error creating group,Error creating group,Error creating group,Error creating group,Error creating group
ERROR_LOADING_GROUPS,Error loading groups,Error loading groups,Error loading groups,Error loading groups,Error loading groups,Error loading groups,Error loading groups,Error loading groups,Error loading groups
LOGIN_FAILED,Login failed. Please try again.,Login failed. Please try again.,Login failed. Please try again.,Login failed. Please try again.,Login failed. Please try again.,Login failed. Please try again.,Login failed. Please try again.,Login failed. Please try again.,Login failed. Please try again.
ACCEPT_TERMS,You must accept the Terms and Conditions,You must accept the Terms and Conditions,You must accept the Terms and Conditions,You must accept the Terms and Conditions,You must accept the Terms and Conditions,You must accept the Terms and Conditions,You must accept the Terms and Conditions,You must accept the Terms and Conditions,You must accept the Terms and Conditions
LOADING_DATA,Loading data...,Loading data...,Loading data...,Loading data...,Loading data...,Loading data...,Loading data...,Loading data...,Loading data...
COULD_NOT_LOAD_DATA,Could not load data. Please try again.,Could not load data. Please try again.,Could not load data. Please try again.,Could not load data. Please try again.,Could not load data. Please try again.,Could not load data. Please try again.,Could not load data. Please try again.,Could not load data. Please try again.,Could not load data. Please try again.
ERROR_LOADING_DATA,Error loading data.,Error loading data.,Error loading data.,Error loading data.,Error loading data.,Error loading data.,Error loading data.,Error loading data.,Error loading data.
COULD_NOT_SAVE_PROFILE,Could not save profile. Please try again.,Could not save profile. Please try again.,Could not save profile. Please try again.,Could not save profile. Please try again.,Could not save profile. Please try again.,Could not save profile. Please try again.,Could not save profile. Please try again.,Could not save profile. Please try again.,Could not save profile. Please try again.
UNEXPECTED_ERROR,Unexpected error. Please try again.,Unexpected error. Please try again.,Unexpected error. Please try again.,Unexpected error. Please try again.,Unexpected error. Please try again.,Unexpected error. Please try again.,Unexpected error. Please try again.,Unexpected error. Please try again.,Unexpected error. Please try again.
UNEXPECTED_ERROR_OCCURRED,An unexpected error occurred,An unexpected error occurred,An unexpected error occurred,An unexpected error occurred,An unexpected error occurred,An unexpected error occurred,An unexpected error occurred,An unexpected error occurred,An unexpected error occurred
CANNOT_ADD_PRODUCT,Could not add: {0},Could not add: {0},Could not add: {0},Could not add: {0},Could not add: {0},Could not add: {0},Could not add: {0},Could not add: {0},Could not add: {0}
UNKNOWN,Unknown,Unknown,Unknown,Unknown,Unknown,Unknown,Unknown,Unknown,Unknown
TYPE_BREAKFAST,Breakfast,Breakfast,Breakfast,Breakfast,Breakfast,Breakfast,Breakfast,Breakfast,Breakfast
TYPE_LUNCH,Lunch,Lunch,Lunch,Lunch,Lunch,Lunch,Lunch,Lunch,Lunch
TYPE_DINNER,Dinner,Dinner,Dinner,Dinner,Dinner,Dinner,Dinner,Dinner,Dinner
TYPE_SNACK,Snack,Snack,Snack,Snack,Snack,Snack,Snack,Snack,Snack
TYPE_DRINKS,Drinks,Drinks,Drinks,Drinks,Drinks,Drinks,Drinks,Drinks,Drinks
TYPE_OTHER,Other,Other,Other,Other,Other,Other,Other,Other,Other
REASON_EXPIRED,Expired,Expired,Expired,Expired,Expired,Expired,Expired,Expired,Expired
REASON_SPOILED,Spoiled,Spoiled,Spoiled,Spoiled,Spoiled,Spoiled,Spoiled,Spoiled,Spoiled
REASON_OVERCOOKED,Overcooked,Overcooked,Overcooked,Overcooked,Overcooked,Overcooked,Overcooked,Overcooked,Overcooked
REASON_UNWANTED,Unwanted,Unwanted,Unwanted,Unwanted,Unwanted,Unwanted,Unwanted,Unwanted,Unwanted
REASON_PORTION_LARGE,Portion too large,Portion too large,Portion too large,Portion too large,Portion too large,Portion too large,Portion too large,Portion too large,Portion too large
REASON_OTHER,Other,Other,Other,Other,Other,Other,Other,Other,Other
DETECT_AUTOMATIC,Automatic,Automatic,Automatic,Automatic,Automatic,Automatic,Automatic,Automatic,Automatic
DETECT_MANUAL,Manual,Manual,Manual,Manual,Manual,Manual,Manual,Manual,Manual
UNIT_PIECES,Pieces,Pieces,Pieces,Pieces,Pieces,Pieces,Pieces,Pieces,Pieces
UNIT_G,g,g,g,g,g,g,g,g,g
UNIT_KG,kg,kg,kg,kg,kg,kg,kg,kg,kg
UNIT_ML,ml,ml,ml,ml,ml,ml,ml,ml,ml
UNIT_L,l,l,l,l,l,l,l,l,l
UNIT_CUPS,Cups,Cups,Cups,Cups,Cups,Cups,Cups,Cups,Cups
LOC_FRIDGE,Fridge,Fridge,Fridge,Fridge,Fridge,Fridge,Fridge,Fridge,Fridge
LOC_FREEZER,Freezer,Freezer,Freezer,Freezer,Freezer,Freezer,Freezer,Freezer,Freezer
LOC_PANTRY_SHELF,Pantry shelf,Pantry shelf,Pantry shelf,Pantry shelf,Pantry shelf,Pantry shelf,Pantry shelf,Pantry shelf,Pantry shelf
LOC_COUNTERTOP,Countertop,Countertop,Countertop,Countertop,Countertop,Countertop,Countertop,Countertop,Countertop
LOC_CUPBOARD,Cupboard,Cupboard,Cupboard,Cupboard,Cupboard,Cupboard,Cupboard,Cupboard,Cupboard
LOADING_LOCALIZATIONS,Loading localizations...,Loading localizations...,Loading localizations...,Loading localizations...,Loading localizations...,Loading localizations...,Loading localizations...,Loading localizations...,Loading localizations...
LOADING_UI,Loading UI...,Loading UI...,Loading UI...,Loading UI...,Loading UI...,Loading UI...,Loading UI...,Loading UI...,Loading UI...
SEARCH_PLACEHOLDER,Search...,Search...,Search...,Search...,Search...,Search...,Search...,Search...,Search...
ADD_ITEM_TITLE,Add item,Add item,Add item,Add item,Add item,Add item,Add item,Add item,Add item
